title,price,img
로즈골드 여자 목걸이 추천 데끌라 목걸이선물,285000원,https://shopping-phinf.pstatic.net/main_2138240/21382401904.jpg?type=f140
여자 목걸이 1부 다이아 목걸이 데끌라,285000원,https://shopping-phinf.pstatic.net/main_1343401/13434014896.4.jpg?type=f140
1부 다이아 프로포즈 기념일 크루아 목걸이,358200원,https://shopping-phinf.pstatic.net/main_3061754/30617544597.2.jpg?type=f140
20대 40대 30대 아내선물 여자목걸이,285000원,https://shopping-phinf.pstatic.net/main_1291585/12915859453.jpg?type=f140
애인 생일 선물 데일리 다이야 목걸이,285000원,https://shopping-phinf.pstatic.net/main_3636905/36369056341.jpg?type=f140
고급 여자친구 목걸이 선물 넥클레스,337500원,https://shopping-phinf.pstatic.net/main_1294858/12948581626.jpg?type=f140
여자목걸이 기념일 생일선물 크로벨,337500원,https://shopping-phinf.pstatic.net/main_3631886/36318864336.jpg?type=f140
1부 다이아 프로포즈 기념일 크로벨 목걸이,337500원,https://shopping-phinf.pstatic.net/main_1401135/14011359621.1.jpg?type=f140
[안나캐럿] 마샤 다이아몬드 목걸이,265220원,https://searchad-phinf.pstatic.net/MjAyMTEyMDlfMTc3/MDAxNjM5MDM5NzYxNjk0.SNVo-dxpLIN-c9LDQVXRU8ytEf-7Z0AD182GonJDhWAg.A0hLwZVXGcMPcpk1ws-JpH3KTkQr_d8RU7AxW3ym5EEg.JPEG/1480527-3444bd72-370a-4700-8c79-bd105c5f4b85.jpg?type=f200
1부 다이아몬드 다이아 프로포즈목걸이,358200원,https://shopping-phinf.pstatic.net/main_3123480/31234807501.1.jpg?type=f140
1부 다이아목걸이 다이아몬드 크로벨,337500원,https://shopping-phinf.pstatic.net/main_1308723/13087231525.1.jpg?type=f140
누니주얼리 프로포즈링 Wheat for Propose,1280000원,https://shopping-phinf.pstatic.net/main_3886006/38860062815.jpg?type=f140
MAADSTUDIO 월령 초승달 14K 18K 여자친구 심플한 데일리 금 목걸이 선물,310000원,https://shopping-phinf.pstatic.net/main_1365214/13652140840.2.jpg?type=f140
MAADSTUDIO 오키드 14K 18K 여자친구 심플한 데일리 금 목걸이 선물,330000원,https://shopping-phinf.pstatic.net/main_1372385/13723855752.4.jpg?type=f140
메드스튜디오 14k금 로즈골드 여자 심플목걸이,290000원,https://shopping-phinf.pstatic.net/main_1365214/13652140821.3.jpg?type=f140
도금아닌 전체 14K 금 저중량 프레스 주물 네발 육발 화이트 큐빅 귀걸이 피어싱,11000원,https://shopping-phinf.pstatic.net/main_8367849/83678492615.jpg?type=f140